{
  "Post Code based search" : {
    "transaction" : "Post Code based search",
    "sampleCount" : 1000,
    "errorCount" : 0,
    "errorPct" : 0.0,
    "meanResTime" : 419.3950000000001,
    "medianResTime" : 411.0,
    "minResTime" : 360.0,
    "maxResTime" : 712.0,
    "pct1ResTime" : 450.9,
    "pct2ResTime" : 473.94999999999993,
    "pct3ResTime" : 583.94,
    "throughput" : 16.565890830779423,
    "receivedKBytesPerSec" : 14.980871572931333,
    "sentKBytesPerSec" : 5.273906651205168
  },
  "Total" : {
    "transaction" : "Total",
    "sampleCount" : 3001,
    "errorCount" : 0,
    "errorPct" : 0.0,
    "meanResTime" : 430.7837387537486,
    "medianResTime" : 418.0,
    "minResTime" : 348.0,
    "maxResTime" : 1030.0,
    "pct1ResTime" : 478.0,
    "pct2ResTime" : 534.8000000000002,
    "pct3ResTime" : 635.0,
    "throughput" : 16.47009752536922,
    "receivedKBytesPerSec" : 200.20908660350202,
    "sentKBytesPerSec" : 5.275245820047308
  },
  "Auth" : {
    "transaction" : "Auth",
    "sampleCount" : 1,
    "errorCount" : 0,
    "errorPct" : 0.0,
    "meanResTime" : 1030.0,
    "medianResTime" : 1030.0,
    "minResTime" : 1030.0,
    "maxResTime" : 1030.0,
    "pct1ResTime" : 1030.0,
    "pct2ResTime" : 1030.0,
    "pct3ResTime" : 1030.0,
    "throughput" : 0.970873786407767,
    "receivedKBytesPerSec" : 0.32520479368932037,
    "sentKBytesPerSec" : 0.2521996359223301
  },
  "Location Name based search" : {
    "transaction" : "Location Name based search",
    "sampleCount" : 1000,
    "errorCount" : 0,
    "errorPct" : 0.0,
    "meanResTime" : 459.9749999999999,
    "medianResTime" : 439.0,
    "minResTime" : 382.0,
    "maxResTime" : 827.0,
    "pct1ResTime" : 546.0,
    "pct2ResTime" : 580.8999999999999,
    "pct3ResTime" : 700.98,
    "throughput" : 16.566165264064672,
    "receivedKBytesPerSec" : 531.411908380823,
    "sentKBytesPerSec" : 5.35488349844278
  },
  "Postal Town" : {
    "transaction" : "Postal Town",
    "sampleCount" : 1000,
    "errorCount" : 0,
    "errorPct" : 0.0,
    "meanResTime" : 412.3820000000006,
    "medianResTime" : 406.0,
    "minResTime" : 348.0,
    "maxResTime" : 729.0,
    "pct1ResTime" : 436.9,
    "pct2ResTime" : 463.0,
    "pct3ResTime" : 558.97,
    "throughput" : 16.568086551684146,
    "receivedKBytesPerSec" : 57.94015192935368,
    "sentKBytesPerSec" : 5.290785451563199
  }
}