{
  "Post Code based search" : {
    "transaction" : "Post Code based search",
    "sampleCount" : 1000,
    "errorCount" : 0,
    "errorPct" : 0.0,
    "meanResTime" : 596.4660000000007,
    "medianResTime" : 588.0,
    "minResTime" : 372.0,
    "maxResTime" : 2026.0,
    "pct1ResTime" : 668.0,
    "pct2ResTime" : 713.8999999999999,
    "pct3ResTime" : 938.7600000000002,
    "throughput" : 16.50410126916539,
    "receivedKBytesPerSec" : 12.01938574313842,
    "sentKBytesPerSec" : 5.189766219405522
  },
  "Total" : {
    "transaction" : "Total",
    "sampleCount" : 3001,
    "errorCount" : 0,
    "errorPct" : 0.0,
    "meanResTime" : 601.1942685771388,
    "medianResTime" : 587.0,
    "minResTime" : 372.0,
    "maxResTime" : 2026.0,
    "pct1ResTime" : 683.0,
    "pct2ResTime" : 742.0,
    "pct3ResTime" : 1022.8200000000002,
    "throughput" : 16.42008272964041,
    "receivedKBytesPerSec" : 21.779228865504145,
    "sentKBytesPerSec" : 5.20579348572476
  },
  "Auth" : {
    "transaction" : "Auth",
    "sampleCount" : 1,
    "errorCount" : 0,
    "errorPct" : 0.0,
    "meanResTime" : 1014.0,
    "medianResTime" : 1014.0,
    "minResTime" : 1014.0,
    "maxResTime" : 1014.0,
    "pct1ResTime" : 1014.0,
    "pct2ResTime" : 1014.0,
    "pct3ResTime" : 1014.0,
    "throughput" : 0.9861932938856016,
    "receivedKBytesPerSec" : 0.3303362302761341,
    "sentKBytesPerSec" : 0.256179117357002
  },
  "Location Name based search" : {
    "transaction" : "Location Name based search",
    "sampleCount" : 1000,
    "errorCount" : 0,
    "errorPct" : 0.0,
    "meanResTime" : 600.2759999999994,
    "medianResTime" : 583.0,
    "minResTime" : 399.0,
    "maxResTime" : 1918.0,
    "pct1ResTime" : 687.9,
    "pct2ResTime" : 743.9499999999999,
    "pct3ResTime" : 1071.99,
    "throughput" : 16.544239295877176,
    "receivedKBytesPerSec" : 33.08893097329759,
    "sentKBytesPerSec" : 5.2993266494606575
  },
  "Postal Town" : {
    "transaction" : "Postal Town",
    "sampleCount" : 1000,
    "errorCount" : 0,
    "errorPct" : 0.0,
    "meanResTime" : 606.4279999999998,
    "medianResTime" : 588.0,
    "minResTime" : 374.0,
    "maxResTime" : 1380.0,
    "pct1ResTime" : 693.0,
    "pct2ResTime" : 769.7499999999997,
    "pct3ResTime" : 1008.97,
    "throughput" : 16.494573285389105,
    "receivedKBytesPerSec" : 20.648402964487186,
    "sentKBytesPerSec" : 5.218986078580147
  }
}