{
  "heatmap" : {
    "transaction" : "heatmap",
    "sampleCount" : 20,
    "errorCount" : 0,
    "errorPct" : 0.0,
    "meanResTime" : 7497.25,
    "medianResTime" : 7445.0,
    "minResTime" : 3792.0,
    "maxResTime" : 11775.0,
    "pct1ResTime" : 11400.400000000001,
    "pct2ResTime" : 11757.85,
    "pct3ResTime" : 11775.0,
    "throughput" : 1.6033349366682699,
    "receivedKBytesPerSec" : 6749.76795484608,
    "sentKBytesPerSec" : 1.485903178611512
  },
  "age-gender-analysis" : {
    "transaction" : "age-gender-analysis",
    "sampleCount" : 20,
    "errorCount" : 0,
    "errorPct" : 0.0,
    "meanResTime" : 4923.1,
    "medianResTime" : 4734.0,
    "minResTime" : 3237.0,
    "maxResTime" : 7044.0,
    "pct1ResTime" : 6851.200000000001,
    "pct2ResTime" : 7035.349999999999,
    "pct3ResTime" : 7044.0,
    "throughput" : 2.6770178021683844,
    "receivedKBytesPerSec" : 4440.856206498461,
    "sentKBytesPerSec" : 2.5097041895328602
  },
  "oac-supergroup-analysis" : {
    "transaction" : "oac-supergroup-analysis",
    "sampleCount" : 20,
    "errorCount" : 0,
    "errorPct" : 0.0,
    "meanResTime" : 470.9500000000001,
    "medianResTime" : 466.5,
    "minResTime" : 435.0,
    "maxResTime" : 532.0,
    "pct1ResTime" : 511.3,
    "pct2ResTime" : 531.05,
    "pct3ResTime" : 532.0,
    "throughput" : 8.496176720475786,
    "receivedKBytesPerSec" : 250.96909515717925,
    "sentKBytesPerSec" : 6.471697111299915
  },
  "Total" : {
    "transaction" : "Total",
    "sampleCount" : 161,
    "errorCount" : 0,
    "errorPct" : 0.0,
    "meanResTime" : 4017.2484472049646,
    "medianResTime" : 1490.0,
    "minResTime" : 415.0,
    "maxResTime" : 20879.0,
    "pct1ResTime" : 11304.000000000002,
    "pct2ResTime" : 16158.200000000003,
    "pct3ResTime" : 20704.78,
    "throughput" : 2.73126707041919,
    "receivedKBytesPerSec" : 4646.048552486767,
    "sentKBytesPerSec" : 2.3429746742836786
  },
  "Auth" : {
    "transaction" : "Auth",
    "sampleCount" : 1,
    "errorCount" : 0,
    "errorPct" : 0.0,
    "meanResTime" : 978.0,
    "medianResTime" : 978.0,
    "minResTime" : 978.0,
    "maxResTime" : 978.0,
    "pct1ResTime" : 978.0,
    "pct2ResTime" : 978.0,
    "pct3ResTime" : 978.0,
    "throughput" : 1.0224948875255624,
    "receivedKBytesPerSec" : 0.34249584611451944,
    "sentKBytesPerSec" : 0.2656090235173824
  },
  "dwell-time-analysis" : {
    "transaction" : "dwell-time-analysis",
    "sampleCount" : 20,
    "errorCount" : 0,
    "errorPct" : 0.0,
    "meanResTime" : 1231.15,
    "medianResTime" : 1309.5,
    "minResTime" : 924.0,
    "maxResTime" : 1490.0,
    "pct1ResTime" : 1428.0,
    "pct2ResTime" : 1486.95,
    "pct3ResTime" : 1490.0,
    "throughput" : 6.2131096613855235,
    "receivedKBytesPerSec" : 1684.1422510872942,
    "sentKBytesPerSec" : 5.1695013979496744
  },
  "top-10-international-footfall" : {
    "transaction" : "top-10-international-footfall",
    "sampleCount" : 20,
    "errorCount" : 0,
    "errorPct" : 0.0,
    "meanResTime" : 454.8,
    "medianResTime" : 444.0,
    "minResTime" : 415.0,
    "maxResTime" : 578.0,
    "pct1ResTime" : 511.80000000000007,
    "pct2ResTime" : 574.8,
    "pct3ResTime" : 578.0,
    "throughput" : 8.54335753951303,
    "receivedKBytesPerSec" : 28.566851772746688,
    "sentKBytesPerSec" : 6.699527445536095
  },
  "FF trend analysis" : {
    "transaction" : "FF trend analysis",
    "sampleCount" : 20,
    "errorCount" : 0,
    "errorPct" : 0.0,
    "meanResTime" : 3334.0999999999995,
    "medianResTime" : 3400.5,
    "minResTime" : 2494.0,
    "maxResTime" : 4210.0,
    "pct1ResTime" : 4125.1,
    "pct2ResTime" : 4206.0,
    "pct3ResTime" : 4210.0,
    "throughput" : 3.4059945504087192,
    "receivedKBytesPerSec" : 462.70702060626706,
    "sentKBytesPerSec" : 3.2064245572207084
  },
  "resident-worker-visitor-pcnt-analysis" : {
    "transaction" : "resident-worker-visitor-pcnt-analysis",
    "sampleCount" : 20,
    "errorCount" : 0,
    "errorPct" : 0.0,
    "meanResTime" : 469.84999999999997,
    "medianResTime" : 457.5,
    "minResTime" : 427.0,
    "maxResTime" : 704.0,
    "pct1ResTime" : 514.9000000000001,
    "pct2ResTime" : 694.6999999999998,
    "pct3ResTime" : 704.0,
    "throughput" : 8.47816871555744,
    "receivedKBytesPerSec" : 31.486792602797795,
    "sentKBytesPerSec" : 6.57389253921153
  },
  "income-analysis" : {
    "transaction" : "income-analysis",
    "sampleCount" : 20,
    "errorCount" : 0,
    "errorPct" : 0.0,
    "meanResTime" : 13908.75,
    "medianResTime" : 14736.5,
    "minResTime" : 6237.0,
    "maxResTime" : 20879.0,
    "pct1ResTime" : 20580.9,
    "pct2ResTime" : 20864.95,
    "pct3ResTime" : 20879.0,
    "throughput" : 0.9184001469440236,
    "receivedKBytesPerSec" : 6778.979829636773,
    "sentKBytesPerSec" : 0.8574126371860219
  }
}